{
  "random_forest": {
    "rmse": 8.37568875998001,
    "mae": 6.6903699413064475,
    "r2": 0.9809348222082113
  },
  "xgboost": {
    "rmse": 8.56517137963168,
    "mae": 6.83734437353349,
    "r2": 0.9800624443469361
  },
  "gradient_boosting": {
    "rmse": 8.308163393348362,
    "mae": 6.627682934355317,
    "r2": 0.9812409925238331
  },
  "svr": {
    "rmse": 9.486549076999088,
    "mae": 7.3324323987846975,
    "r2": 0.9755422605564336
  },
  "ensemble": {
    "rmse": 8.284352764809238,
    "mae": 6.620511118304958,
    "r2": 0.9813483625125433
  }
}