model,accuracy,precision,recall,f1,y_pred
Logistic Regression,0.9831821724250878,0.9831537010344819,0.9831821724250878,0.9831431962177861,[3 1 0 ... 1 1 3]
Random Forest,0.9104216316342321,0.9109637767535449,0.9104216316342321,0.9102256338379386,[3 1 0 ... 1 1 1]
Gradient Boosting,0.9028993528129483,0.9037868474734452,0.9028993528129483,0.9030881397319891,[3 1 0 ... 1 1 3]
XGBoost,0.9531156465658426,0.9534092431391286,0.9531156465658426,0.9531869242797897,[3 1 0 ... 1 1 3]
LightGBM,0.9368851440640636,0.9371090055522728,0.9368851440640636,0.9369072010836412,[3 1 0 ... 1 1 1]
