Day,Forecasted_AQI
1,57.332367
2,57.74194
3,58.01047
4,58.210377
5,58.36485
6,58.491802
7,58.598766
8,58.689068
9,58.76484
10,58.82797
11,58.880318
12,58.92375
13,58.959896
14,58.990265
15,59.015903
16,59.037632
17,59.05611
18,59.071926
19,59.0855
20,59.097176
21,59.107254
22,59.11594
23,59.123413
24,59.12984
25,59.135372
26,59.140152
27,59.144257
28,59.147724
29,59.15065
30,59.15311
